{
  "0_pose_graph": {
    "main": {
      "status": "ok",
      "result": {
        "iterations": 2,
        "final_cost": 0.3333333432674408,
        "solve_time_s": 0.004316501959692687
      }
    },
    "final": {
      "status": "ok",
      "result": {
        "iterations": 2,
        "final_cost": 0.3333333432674408,
        "solve_time_s": 0.004270765988621861
      }
    }
  },
  "1_pose_graph_direct": {
    "main": {
      "status": "ok",
      "result": {
        "iterations": 2,
        "final_cost": 0.3333333432674408,
        "solve_time_s": 0.0042364419787190855
      }
    },
    "final": {
      "status": "ok",
      "result": {
        "iterations": 2,
        "final_cost": 0.3333333432674408,
        "solve_time_s": 0.004265886964276433
      }
    }
  },
  "2_pose_graph_g2o_m3500": {
    "main": {
      "status": "timeout (viser block)",
      "result": {
        "iterations": 15,
        "final_cost": 137.9432830810547,
        "solve_time_s": 2.4606592599884607
      }
    },
    "final": {
      "status": "timeout (viser block)",
      "result": {
        "iterations": 15,
        "final_cost": 137.9432830810547,
        "solve_time_s": 2.3934143490041606
      }
    }
  },
  "3_constraints": {
    "main": {
      "status": "exit 1",
      "result": null
    },
    "final": {
      "status": "exit 1",
      "result": null
    }
  }
}