{
  "toy": 107025.0897669929,
  "ladybug49": 1701824.9213558466,
  "trafalgar138": 40327138.03197177
}