{
  "ks": [
    1,
    2,
    4,
    6,
    9,
    13,
    18,
    24,
    30
  ],
  "solvers": {
    "full CG": {
      "costs": [
        41432.171334617015,
        29466.107708859046,
        27206.3107880575,
        26963.544133299034,
        26889.744423884375,
        26861.643448704664,
        26839.83352226281,
        26822.2005028451,
        26809.552209074554
      ],
      "times": [
        0.0165198331233114,
        0.09658004203811288,
        0.30186845804564655,
        0.6421393752098083,
        1.3032233340200037,
        2.377925750100985,
        3.922644125064835,
        5.953265625052154,
        8.392399916891009
      ]
    },
    "Schur + dense": {
      "costs": [
        42254.219706629956,
        28717.930548083965,
        27175.32178934602,
        26937.8500486302,
        26860.834674961774,
        26829.350529826617,
        26807.11009723602,
        26790.558161657573,
        26779.372798423363
      ],
      "times": [
        0.034044082975015044,
        0.055563125060871243,
        0.09667962486855686,
        0.13278187508694828,
        0.19322404195554554,
        0.27591100009158254,
        0.370566250057891,
        0.49590862495824695,
        0.6192060420289636
      ]
    },
    "Schur + CG": {
      "costs": [
        40918.50766565614,
        28824.012781463207,
        27212.247450641597,
        26961.35316904071,
        26887.658573813587,
        26860.0788424763,
        26838.676089365003,
        26821.3233899992,
        26808.846435823783
      ],
      "times": [
        0.04169454192742705,
        0.09095687512308359,
        0.19834158290177584,
        0.33145145885646343,
        0.5563037500251085,
        0.9098511668853462,
        1.3652853749226779,
        1.9325602080207318,
        2.5729968750383705
      ]
    }
  }
}