{
  "ks": [
    1,
    2,
    3,
    4,
    6,
    8,
    12,
    16
  ],
  "solvers": {
    "full CG": {
      "costs": [
        5948.542724111587,
        5913.82553301272,
        5913.739862916424,
        5913.725248351556,
        5913.723744406929,
        5913.72374333807,
        5913.723743337925,
        5913.723743337921
      ],
      "times": [
        0.0015775419306010008,
        0.007314583053812385,
        0.014027000172063708,
        0.022442040964961052,
        0.03674550005234778,
        0.051899290876463056,
        0.084606165997684,
        0.13152158400043845
      ]
    },
    "Schur + dense": {
      "costs": [
        5939.9714283583,
        5913.782937259143,
        5913.733944447354,
        5913.7245135068215,
        5913.723743481942,
        5913.723743337926,
        5913.723743337931,
        5913.723743337931
      ],
      "times": [
        0.0045614170376211405,
        0.0072312920819967985,
        0.010264915879815817,
        0.01458499999716878,
        0.018942292081192136,
        0.02563449996523559,
        0.032230540877208114,
        0.04310075007379055
      ]
    },
    "Schur + CG": {
      "costs": [
        5947.54932605071,
        5913.9861513518035,
        5913.771517941665,
        5913.728212193237,
        5913.723746506954,
        5913.723743338351,
        5913.723743337926,
        5913.723743337926
      ],
      "times": [
        0.003485791152343154,
        0.007843874860554934,
        0.014644874958321452,
        0.019710208056494594,
        0.03139837505295873,
        0.041254250099882483,
        0.06333483289927244,
        0.08554008300416172
      ]
    },
    "full dense": {
      "costs": [
        5939.971428358299,
        5913.782937259143,
        5913.733944447351,
        5913.724513506826,
        5913.723743481942,
        5913.723743337927,
        5913.723743337924,
        5913.723743337924
      ],
      "times": [
        0.3619948751293123,
        0.7455869168043137,
        1.1331715830601752,
        1.512342959176749,
        2.2854361669160426,
        3.1790690841153264,
        4.655326750129461,
        6.377850583055988
      ]
    }
  }
}